<?xml version="1.0" encoding="UTF-8" standalone="yes"?>
<addon id="repository.raghu" name="Raghu Kodi Addon Repository" version="1.0.3" provider-name="Raghu">
	<extension point="xbmc.addon.repository" name="Raghu Kodi Addons Repository">
		<info compressed="false">https://raw.github.com/raghuchowdary67/KodiRulz/master/Kodi_Leia_version_plugins/addons.xml</info>
		<checksum>https://raw.github.com/raghuchowdary67/KodiRulz/master/Kodi_Leia_version_plugins/addons.xml.md5</checksum>
		<datadir zip="true">https://raw.github.com/raghuchowdary67/KodiRulz/master/Kodi_Leia_version_plugins/zips</datadir>
	</extension>
	<extension point="xbmc.addon.metadata">
		<summary>Third party Addons Designed for Kodi to bring all the entertainment in one place</summary>
		<description>Raghu Kodi Addons Repository</description>
		<platform>all</platform>
	</extension>
</addon>
