<?xml version="1.0" encoding="UTF-8"?>
<addon id="plugin.video.desidamaka" version="1.0.1" name="Desi Damaka" provider-name="Raghu">
<requires>
  <import addon="xbmc.python" version="2.20.0"/>
  <import addon="script.module.requests" version="2.4.3"/>
  <import addon="script.module.beautifulsoup" version="3.2.1"/>
  <import addon="script.module.urlresolver" version="5.0.67"/>
  <import addon="script.common.plugin.cache" version="2.5.5"/>
  <import addon="plugin.video.f4mTester" version="2.7.1"/>
</requires>
<extension point="xbmc.python.pluginsource" library="main.py">
  <provides>video</provides>
</extension>
<extension point="xbmc.addon.metadata">
	<summary>Entertainment from all over India</summary>
	<description>This addon provides access to entertainment from MovieRulz and Einthusan website such as Tamil, Telugu, Malayalam, Kannada, and Hindi
DesiDamaka is and always will be free and open-source. None of its code and resources may be sold or redistributed for any commercial purposes.
DesiDamaka and its developers [B]DO NOT[/B] host, create, or distribute any of the content displayed in the addon, it simply scrapes ad financed public websites.</description>
	<platform>all</platform>
	<website>https://github.com/raghuchowdary67/KodiAddons/</website>
	<disclaimer>DesiDamaka and its developers are not in any way affiliated with Kodi or any of the sites and providers used in the addon.</disclaimer>
	<news>
		[B]Version 1.0.1 - 22 May 2020[/B]
		   - Updated URLResolver and f4mTester versions
	</news>
	<assets>
		<icon>icon.png</icon>
		<fanart>fanart.jpg</fanart>
	</assets>
</extension>
</addon>
